대분류,중분류,출처,제품명,식별자
감기·호흡기,종합감기,medications,판콜에스내복액,198900672
감기·호흡기,종합감기,medications,판피린큐액,200700547
감기·호흡기,종합감기,medications,판피린나이트액,202501643
감기·호흡기,종합감기,medications,파워콜에스연질캡슐,201003989
감기·호흡기,종합감기,medications,모드콜에스연질캡슐,201204330
감기·호흡기,종합감기,medications,래피콜콜드연질캡슐,202203017
감기·호흡기,종합감기,medications,테라플루콜드앤코프데이타임건조시럽,201101293
감기·호흡기,종합감기,medications,테라플루콜드앤코프나이트타임건조시럽,201101292
감기·호흡기,종합감기,medications,콜대원콜드큐시럽,202105006
감기·호흡기,종합감기,medications,화이투벤큐플러스연질캡슐,202300071
감기·호흡기,종합감기,medications,타이레놀콜드-에스정,202106954
감기·호흡기,종합감기,medications,콜대원나이트시럽,202302835
감기·호흡기,목·인후,medications,목앤스프레이,201500199
감기·호흡기,목·인후,medications,용각산쿨과립,200101057
감기·호흡기,목·인후,medications,"스트렙실허니앤레몬트로키(플루르비프로펜), 스트렙실오렌지트로키(플루르비프로펜)",200906877
감기·호흡기,목·인후,medications,코푸시럽에스,196900058
감기·호흡기,목·인후,medications,모드코프에스연질캡슐,201204389
감기·호흡기,목·인후,medications,엑스콜코프캡슐,201309853
감기·호흡기,목·인후,medications,화이투벤큐플러스코프연질캡슐,202300008
감기·호흡기,목·인후,medications,콜대원코프큐시럽,202104595
감기·호흡기,목·인후,medications,파워콜코프연질캡슐,201801178
감기·호흡기,코·비염,medications,코메키나캡슐,201706199
감기·호흡기,코·비염,medications,코미정,200100614
감기·호흡기,코·비염,medications,액티피드정,197000053
감기·호흡기,코·비염,medications,코스펜정,200905018
감기·호흡기,코·비염,medications,코앤쿨나잘스프레이,201505113
감기·호흡기,코·비염,medications,오트리빈멘톨0.1%분무제(자일로메타졸린염산염),199806459
감기·호흡기,코·비염,medications,속코정,200401321
감기·호흡기,코·비염,medications,콜대원노즈큐에스시럽,202302925
감기·호흡기,코·비염,medications,모드코에스연질캡슐,201203128
감기·호흡기,코·비염,medications,콘택골드캡슐,200607735
감기·호흡기,코·비염,medications,파워콜노즈큐연질캡슐,202500153
감기·호흡기,코·비염,medications,래피콜노즈연질캡슐,201401826
감기·호흡기,알레르기,medications,지르텍정(세티리진염산염),200610765
감기·호흡기,알레르기,medications,알레그라정120밀리그람(펙소페나딘염산염),199801016
감기·호흡기,알레르기,medications,세노바퀵연질캡슐(세티리진염산염),201906400
감기·호흡기,알레르기,medications,시로제노연질캡슐(세티리진염산염),202000062
감기·호흡기,알레르기,medications,알러샷연질캡슐(세티리진염산염),200906254
감기·호흡기,알레르기,medications,제일알지싹로라연질캡슐(로라타딘),201803206
감기·호흡기,알레르기,medications,제일알지싹세티연질캡슐(세티리진염산염),201803236
진통·해열,해열진통,medications,타이레놀정500밀리그람(아세트아미노펜),202106092
진통·해열,해열진통,medications,타이레놀8시간이알서방정(아세트아미노펜),202200407
진통·해열,해열진통,medications,게보린정(수출명:돌로린정),197900277
진통·해열,해열진통,medications,펜잘큐정,200810700
진통·해열,해열진통,medications,이지엔6애니연질캡슐(이부프로펜),200400463
진통·해열,해열진통,medications,그날엔정,200902301
진통·해열,해열진통,medications,우먼스타이레놀정,202200658
진통·해열,소염진통,medications,이지엔6이브연질캡슐,201301591
진통·해열,소염진통,medications,탁센연질캡슐(나프록센),200710782
진통·해열,소염진통,medications,탁센레이디연질캡슐,202107327
진통·해열,소염진통,medications,레이디원연질캡슐,201801498
진통·해열,소염진통,medications,덱시부펜연질캡슐(덱시부프로펜),200809274
진통·해열,소염진통,medications,마이펜덱시연질캡슐(덱시부프로펜),202401765
진통·해열,소염진통,medications,낙센연질캡슐(나프록센),201501592
진통·해열,소염진통,medications,애드빌리퀴겔연질캡슐(이부프로펜),200610785
진통·해열,소염진통,medications,아렉스알파정,202302045
진통·해열,소염진통,medications,덱스피드연질캡슐(덱시부프로펜),201110646
진통·해열,소염진통,medications,스카풀라정,201104359
진통·해열,소염진통,medications,신일이부프로펜정400밀리그람(수출명:IFENTab.),198901915
진통·해열,파스·진통패치,medications,신신파스아렉스,200501321
진통·해열,파스·진통패치,medications,케토톱플라스타(케토프로펜)(싱가폴수출명 : Ketotop Pain Relief Plaster 30mg),199300356
진통·해열,파스·진통패치,medications,제일파프케이카타플라스마(케토프로펜),200803538
진통·해열,파스·진통패치,medications,트라스트패취(피록시캄)(수출명:미포톱),199401576
진통·해열,파스·진통패치,medications,케펜텍플라스타(케토프로펜),199600561
진통·해열,파스·진통패치,medications,케노펜플라스타(케토프로펜),200000568
진통·해열,파스·진통패치,medications,케토크린플라스타(케토프로펜),199901296
진통·해열,파스·진통패치,medications,신신디펜쿨플라스타(디클로페낙나트륨),201604278
소화·위장,소화·속쓰림,medications,까스앤프리츄정80밀리그램(시메티콘),201508272
소화·위장,소화·속쓰림,medications,쑥베린정,202107352
소화·위장,소화·속쓰림,medications,다제스캡슐,198902527
소화·위장,소화·속쓰림,medications,베아제정,198700405
소화·위장,소화·속쓰림,medications,닥터베아제정,200300406
소화·위장,소화·속쓰림,medications,훼스탈플러스정,199801026
소화·위장,소화·속쓰림,medications,훼스탈골드정,199900926
소화·위장,소화·속쓰림,medications,겔포스엠현탁액,199400883
소화·위장,소화·속쓰림,medications,알마겔현탁액(알마게이트)(수출명:유만겔현탁액),198400278
소화·위장,소화·속쓰림,medications,개비스콘더블액션현탁액,200801645
소화·위장,변비·설사,medications,둘코락스에스장용정,200906478
소화·위장,변비·설사,medications,아락실과립,198400661
소화·위장,변비·설사,medications,메이킨큐장용정,201405042
소화·위장,변비·설사,medications,비코그린에스정,201200854
소화·위장,변비·설사,medications,스타빅현탁액(디옥타헤드랄스멕타이트),202008370
소화·위장,변비·설사,medications,포타겔현탁액(디옥타헤드랄스멕타이트),200201403
소화·위장,변비·설사,medications,동성정로환에프정,201803204
피부·상처,연고·외용제,medications,베아로반연고(무피로신),201601618
피부·상처,연고·외용제,medications,에스로반연고(무피로신),199902738
피부·상처,연고·외용제,medications,후시딘연고(퓨시드산나트륨),197900171
피부·상처,연고·외용제,medications,마데카솔케어연고,200903973
피부·상처,연고·외용제,medications,쿼드케어연고,201703045
피부·상처,연고·외용제,medications,비판텐연고(덱스판테놀),200510975
피부·상처,연고·외용제,medications,비아핀에멀젼(트롤아민),199604632
피부·상처,연고·외용제,medications,미보(MEBO)연고,199604959
피부·상처,연고·외용제,medications,태극아즈렌에스연고(구아야줄렌),200200836
피부·상처,연고·외용제,medications,나오덤크림(구아야줄렌),201309340
피부·상처,연고·외용제,medications,라미실크림1%(테르비나핀염산염),199304286
피부·상처,연고·외용제,medications,카네스텐크림(클로트리마졸),199906850
피부·상처,연고·외용제,medications,무조날크림(테르비나핀염산염),199902693
피부·상처,연고·외용제,medications,터비뉴겔(테르비나핀),200802742
피부·상처,연고·외용제,medications,바르지오모두크림,202008175
피부·상처,연고·외용제,medications,둥근머리버물리겔,201102036
피부·상처,피부미용,medications,애크린겔(살리실산),202204171
피부·상처,피부미용,medications,클리어틴외용액2%(살리실산),201306847
피부·상처,피부미용,medications,아젤리아크림(아젤라산(미분화)),200608046
피부·상처,피부미용,medications,애크논크림,201901721
피부·상처,피부미용,medications,노스카나겔,201301732
피부·상처,피부미용,medications,"도미나크림(히드로퀴논)(수출명:폴리퀸포르테4%크림,DarkfreeCream4%,태극도미나크림)",199101003
피부·상처,피부미용,medications,멜라토닝크림(히드로퀴논),201907481
피부·상처,피부미용,medications,멜라노사크림(히드로퀴논),201105515
피부·상처,소독약,medications,성광포비딘(포비돈요오드액10%),199900422
피부·상처,소독약,medications,솔트액,200004836
피부·상처,소독약,medications,세네풀에스액,201210143
피부·상처,소독약,medications,애니클렌액,200607484
눈·구강,인공눈물,medications,"프렌즈아이드롭점안액(순),프렌즈아이드롭점안액(쿨),프렌즈아이드롭점안액(쿨하이),프렌즈아이드롭점안액(순)(1회용)",200600050
눈·구강,인공눈물,medications,프렌즈아이드롭아이스점안액,202400824
눈·구강,인공눈물,medications,"눈앤점안액0.5%(카르복시메틸셀룰로오스나트륨)(1회용), 눈앤점안액0.5%(카르복시메틸셀룰로오스나트륨)",200710762
눈·구강,인공눈물,medications,오큐시스점안액(트레할로스수화물)(1회용),201904717
눈·구강,인공눈물,medications,리클란점안액(폴리데옥시리보뉴클레오티드나트륨)(1회용),201707283
눈·구강,인공눈물,medications,경남티어앤톡점안액(트레할로스수화물)(1회용),201906917
눈·구강,인공눈물,medications,"큐티스점안액(1회용), 큐티스점안액",200702162
눈·구강,인공눈물,medications,리포직점안겔(카보머),200511290
눈·구강,인공눈물,medications,듀라티얼즈안연고(무수액체라놀린),199403254
눈·구강,인공눈물,medications,"나조린점안액(1회용),나조린점안액",199302995
눈·구강,인공눈물,medications,아이미루40이엑스골드점안액,201209481
눈·구강,잇몸,medications,이가탄에프캡슐,200300913
눈·구강,잇몸,medications,덴타자임캡슐,200607736
눈·구강,잇몸,medications,덴파사캡슐,200708081
여성·임신,엽산·임산부,medications,폴시드정(폴산),199802670
여성·임신,엽산·임산부,health_foods,프리솔라 액티브 활성 엽산 400,200400200082571
여성·임신,엽산·임산부,health_foods,프리솔라 액티브 활성 엽산 800,200400200082259
여성·임신,철분,medications,헤모콤액(폴리말토오스수산화제이철착염),199901190
여성·임신,철분,medications,볼그레액(철아세틸트랜스페린),200000218
여성·임신,철분,medications,고운자임맘정,201205043
어린이,어린이감기,medications,챔프시럽(아세트아미노펜),201206715
어린이,어린이감기,medications,챔프콜드펜시럽,202303142
어린이,어린이감기,medications,챔프노즈시럽,201706946
어린이,어린이감기,medications,챔프코프액,201804368
어린이,어린이감기,medications,챔프이부펜시럽(이부프로펜),201604402
어린이,어린이감기,medications,맥시부키즈시럽(덱시부프로펜),201907915
어린이,어린이감기,medications,오트리빈베이비내추럴비강분무액(염화나트륨),200410068
어린이,어린이영양제,medications,텐텐츄정,200700800
어린이,어린이영양제,medications,도담도담츄어블정,201208419
어린이,어린이영양제,medications,조은아이시럽,202103228
어린이,어린이영양제,health_foods,잘크톤 멀티쑥쑥 츄어블정,2013001600327
어린이,어린이영양제,health_foods,벨더웰 아이벨타민 애플그레이프맛,20190004553409
영양·컨디션,종합비타민,medications,올대원골드정,202401755
영양·컨디션,종합비타민,medications,올대원맥스정,202401760
영양·컨디션,종합비타민,health_foods,센트룸 맨,20240028080426
영양·컨디션,종합비타민,health_foods,센트룸 실버 우먼,20240028080325
영양·컨디션,종합비타민,health_foods,센트룸 우먼 더블업,20240028080431
영양·컨디션,비타민,medications,아로나민골드프리미엄정,202102039
영양·컨디션,비타민,medications,아로나민씨플러스정,200400325
영양·컨디션,비타민,medications,임팩타민프리미엄정,201102450
영양·컨디션,비타민,medications,임팩타민파워정,200811364
영양·컨디션,비타민,medications,비맥스메타정,201901373
영양·컨디션,비타민,medications,비맥스메타비정,202101945
영양·컨디션,비타민,medications,비맥스액티브정,201605486
영양·컨디션,비타민,medications,비맥스제트정,202300436
영양·컨디션,비타민,medications,투엑스비트리플정,202400499
영양·컨디션,비타민,medications,벤포벨정,201508281
영양·컨디션,비타민,medications,벤포벨에스정,202201059
영양·컨디션,비타민,medications,유한비타민씨정1000mg,200100586
영양·컨디션,오메가3,health_foods,벨더웰초임계알티지오메가3,200400170061302
영양·컨디션,오메가3,health_foods,유한 알티지 식물성오메가3,200400200061538
영양·컨디션,오메가3,health_foods,메가 알티지 오메가3,200400170061046
영양·컨디션,오메가3,health_foods,WCS 알티지(rTG) 오메가3,200600200081073
영양·컨디션,마그네슘,medications,마그비액티브정,201706740
영양·컨디션,마그네슘,medications,마그비맥스연질캡슐,202104379
영양·컨디션,마그네슘,medications,마그온플러스연질캡슐,202200437
영양·컨디션,마그네슘,medications,마그비스피드더블액션액,202204680
영양·컨디션,루테인,health_foods,눈건강 루테인 초임계 아스타잔틴,200400200023205
영양·컨디션,루테인,health_foods,눈건강엔 루테인지아잔틴&아스타잔틴,20060020008737
영양·컨디션,루테인,health_foods,365 눈 건강 루테인,200400200071695
영양·컨디션,유산균,health_foods,락토핏 골드,20040020016643
영양·컨디션,유산균,health_foods,락토핏 당케어,20040020016669
영양·컨디션,유산균,health_foods,락토핏 베베,20040020016711
영양·컨디션,간건강,medications,대웅우루사연질캡슐,197000040
영양·컨디션,간건강,medications,가네진정,201600574
영양·컨디션,뼈·관절,health_foods,관절엔 조인트 큐,200700170352404
영양·컨디션,뼈·관절,health_foods,관절·연골 건강엔 뮤코다당단백(콘드로이친) 1200,201200190071014
영양·컨디션,뼈·관절,health_foods,관절&연골 콘드로이친 1200 소연골 뮤코다당단백,200400150831938
영양·컨디션,수면,medications,쿨드림연질캡슐(디펜히드라민염산염),200903737
영양·컨디션,수면,medications,아론정(독시라민숙신산염),198900711
영양·컨디션,수면,medications,자멘쏙정(독시라민숙신산염),202107184
영양·컨디션,수면,medications,아졸정(독시라민석시네이트),198601284
영양·컨디션,피로회복,medications,활비톤액,202107570
영양·컨디션,피로회복,medications,포스톤G액,200202736
영양·컨디션,피로회복,medications,라라올라액(L-아스파르트산-L-아르기닌수화물),201606702
영양·컨디션,피로회복,medications,광동벤포파워제트액,201903344
영양·컨디션,피로회복,medications,업텐션액(L-아스파르트산-L-아르기닌수화물),202302341
영양·컨디션,숙취,medications,가네톡액,202102087
영양·컨디션,숙취,health_foods,안국 간&피로 솔루션 헛개,200400200023523
영양·컨디션,숙취,health_foods,헛개비타,200400200021948
기타 상비,구충,medications,젤콤정(플루벤다졸),198800154
기타 상비,구충,medications,알콤정(플루벤다졸),199400891
기타 상비,구충,medications,보령알벤다졸정,200607863
기타 상비,멀미,medications,메카인정,199100996
기타 상비,멀미,medications,소보민시럽,201801011
기타 상비,멀미,medications,이지롱내복액,199300981
기타 상비,멀미,medications,보나링츄어블정,201600779
